{
    "matrix": {
        "rows" : 10,
        "cols" : 6
    },
    "layouts": {
        "keymap": [
            [
                  {
                    "x": 3
                  },
                  "0,3",
                  "0,7",
                  "0,8"
                ],
                [
                  {
                    "y": -0.9,
                    "x": 2
                  },
                  "0,2"
                ],
                [
                  {
                    "y": -1,
                    "x": 4
                  },
                  "0,4",
                  "0,9"
                ],
                [
                  {
                    "y": -0.9,
                    "x": 5
                  },
                  "0,5",
                  "0,6"
                ],
                [
                  {
                    "y": -0.9
                  },
                  "0,0",
                  "0,1",
                  {
                    "x": 11
                  },
                  "0,10",
                  "0,11"
                ],
                [
                  {
                    "y": -0.30000000000000004,
                    "x": 3
                  },
                  "1,3",
                  {
                    "x": 7
                  },
                  "1,8"
                ],
                [
                  {
                    "y": -0.8999999999999999,
                    "x": 2
                  },
                  "1,2",
                  {
                    "x": 1
                  },
                  "1,4",
                  {
                    "x": 5
                  },
                  "1,7",
                  {
                    "x": 1
                  },
                  "1,9"
                ],
                [
                  {
                    "y": -0.8999999999999999,
                    "x": 5
                  },
                  "1,5",
                  "1,6"
                ],
                [
                  {
                    "y": -0.8999999999999999
                  },
                  "1,0",
                  "1,1",
                  {
                    "x": 11
                  },
                  "1,10",
                  "1,11"
                ],
                [
                  {
                    "y": -0.2999999999999998,
                    "x": 3
                  },
                  "2,3",
                  {
                    "x": 7
                  },
                  "2,8"
                ],
                [
                  {
                    "y": -0.8999999999999999,
                    "x": 2
                  },
                  "2,2",
                  {
                    "x": 1
                  },
                  "2,4",
                  {
                    "x": 5
                  },
                  "2,7",
                  {
                    "x": 1
                  },
                  "2,9"
                ],
                [
                  {
                    "y": -0.8999999999999999,
                    "x": 5
                  },
                  "2,5",
                  {
                    "x": 3
                  },
                  "2,6"
                ],
                [
                  {
                    "y": -0.8999999999999999
                  },
                  "2,0",
                  "2,1",
                  {
                    "x": 11
                  },
                  "2,10",
                  "2,11"
                ],
                [
                  {
                    "y": -0.20000000000000018,
                    "x": 3.5
                  },
                  "3,0",
                  {
                    "x": 6
                  },
                  "3,5"
                ],
                [
                  {
                    "r": 15,
                    "rx": 4.5,
                    "ry": 4.1,
                    "y": -1
                  },
                  "3,1"
                ],
                [
                  {
                    "r": 30,
                    "rx": 5.4,
                    "ry": 4.3,
                    "y": -0.9769999999999999,
                    "x": 0.09999999999999964
                  },
                  "3,2"
                ],
                [
                  {
                    "r": -30,
                    "rx": 9.6,
                    "y": -1,
                    "x": -1.0999999999999996
                  },
                  "3,3"
                ],
                [
                  {
                    "r": -15,
                    "rx": 10.5,
                    "ry": 4.1,
                    "y": -1,
                    "x": -1
                  },
                  "3,4"
                ]
              ]
    }
}