{
    "matrix": {
        "rows": 8,
        "cols": 6
    },
    "layouts": {
        "keymap": [
            [
                {
                  "x": 3
                },
                "0,3",
                {
                  "x": 7
                },
                "4,3"
              ],
              [
                {
                  "y": -0.9,
                  "x": 2
                },
                "0,2"
              ],
              [
                {
                  "y": -1,
                  "x": 10
                },
                "4,4"
              ],
              [
                {
                  "y": -1,
                  "x": 12
                },
                "4,2",
                {
                  "x": -9
                },
                "0,4"
              ],
              [
                {
                  "y": -0.9000000000000001,
                  "x": 9
                },
                "4,5"
              ],
              [
                {
                  "y": -0.9999999999999999,
                  "x": 5
                },
                "0,5"
              ],
              [
                {
                  "y": -0.9
                },
                "0,0",
                "0,1",
                {
                  "x": 11
                },
                "4,1",
                "4,0"
              ],
              [
                {
                  "y": -0.30000000000000004,
                  "x": 3
                },
                "1,3",
                {
                  "x": 7
                },
                "5,3"
              ],
              [
                {
                  "y": -0.8999999999999999,
                  "x": 2
                },
                "1,2",
                {
                  "x": 1
                },
                "1,4",
                {
                  "x": 5
                },
                "5,4",
                {
                  "x": 1
                },
                "5,2"
              ],
              [
                {
                  "y": -0.9000000000000001,
                  "x": 9
                },
                "5,5"
              ],
              [
                {
                  "y": -1,
                  "x": 5
                },
                "1,5"
              ],
              [
                {
                  "y": -0.9000000000000001
                },
                "1,0"
              ],
              [
                {
                  "y": -0.9999999999999996,
                  "x": 1
                },
                "1,1",
                {
                  "x": 11
                },
                "5,1",
                "5,0"
              ],
              [
                {
                  "y": -0.2999999999999998,
                  "x": 3
                },
                "2,3",
                {
                  "x": 7
                },
                "6,3"
              ],
              [
                {
                  "y": -0.8999999999999999,
                  "x": 2
                },
                "2,2",
                {
                  "x": 1
                },
                "2,4",
                {
                  "x": 5
                },
                "6,4",
                {
                  "x": 1
                },
                "6,2"
              ],
              [
                {
                  "y": -0.9000000000000004,
                  "x": 9
                },
                "6,5"
              ],
              [
                {
                  "y": -0.9999999999999996,
                  "x": 5
                },
                "2,5"
              ],
              [
                {
                  "y": -0.8999999999999999
                },
                "2,0",
                "2,1",
                {
                  "x": 11
                },
                "6,1",
                "6,0"
              ],
              [
                {
                  "y": -0.20000000000000018,
                  "x": 3.5
                },
                "3,3",
                {
                  "x": 6
                },
                "7,3"
              ],
              [
                {
                  "r": 15,
                  "rx": 4.5,
                  "ry": 4.1,
                  "y": -1
                },
                "3,4"
              ],
              [
                {
                  "r": 30,
                  "rx": 5.4,
                  "ry": 4.3,
                  "y": -0.9769999999999999,
                  "x": 0.09999999999999964
                },
                "3,5"
              ],
              [
                {
                  "r": -30,
                  "rx": 9.6,
                  "y": -1,
                  "x": -1.0999999999999996
                },
                "7,5"
              ],
              [
                {
                  "r": -15,
                  "rx": 10.5,
                  "ry": 4.1,
                  "y": -1,
                  "x": -1
                },
                "7,4"
              ]
            ]
        }
    }